-- phpMyAdmin SQL Dump
-- version 5.0.2
-- https://www.phpmyadmin.net/
--
-- Host: 127.0.0.1:3306
-- Generation Time: Feb 17, 2021 at 03:26 PM
-- Server version: 5.7.31
-- PHP Version: 7.3.21

SET SQL_MODE = "NO_AUTO_VALUE_ON_ZERO";
START TRANSACTION;
SET time_zone = "+00:00";


/*!40101 SET @OLD_CHARACTER_SET_CLIENT=@@CHARACTER_SET_CLIENT */;
/*!40101 SET @OLD_CHARACTER_SET_RESULTS=@@CHARACTER_SET_RESULTS */;
/*!40101 SET @OLD_COLLATION_CONNECTION=@@COLLATION_CONNECTION */;
/*!40101 SET NAMES utf8mb4 */;

--
-- Database: `aclapp`
--

-- --------------------------------------------------------

--
-- Table structure for table `acos`
--

DROP TABLE IF EXISTS `acos`;
CREATE TABLE IF NOT EXISTS `acos` (
  `id` int(10) NOT NULL AUTO_INCREMENT,
  `parent_id` int(10) DEFAULT NULL,
  `model` varchar(255) DEFAULT NULL,
  `foreign_key` int(10) DEFAULT NULL,
  `alias` varchar(255) DEFAULT NULL,
  `lft` int(10) DEFAULT NULL,
  `rght` int(10) DEFAULT NULL,
  PRIMARY KEY (`id`),
  KEY `idx_acos_lft_rght` (`lft`,`rght`),
  KEY `idx_acos_alias` (`alias`)
) ENGINE=MyISAM AUTO_INCREMENT=31 DEFAULT CHARSET=utf8;

--
-- Dumping data for table `acos`
--

INSERT INTO `acos` (`id`, `parent_id`, `model`, `foreign_key`, `alias`, `lft`, `rght`) VALUES
(1, NULL, NULL, NULL, 'controllers', 1, 60),
(2, 1, NULL, NULL, 'Groups', 2, 13),
(3, 2, NULL, NULL, 'index', 3, 4),
(4, 2, NULL, NULL, 'view', 5, 6),
(5, 2, NULL, NULL, 'add', 7, 8),
(6, 2, NULL, NULL, 'edit', 9, 10),
(7, 2, NULL, NULL, 'delete', 11, 12),
(8, 1, NULL, NULL, 'Pages', 14, 17),
(9, 8, NULL, NULL, 'display', 15, 16),
(10, 1, NULL, NULL, 'Posts', 18, 29),
(11, 10, NULL, NULL, 'index', 19, 20),
(12, 10, NULL, NULL, 'view', 21, 22),
(13, 10, NULL, NULL, 'add', 23, 24),
(14, 10, NULL, NULL, 'edit', 25, 26),
(15, 10, NULL, NULL, 'delete', 27, 28),
(16, 1, NULL, NULL, 'Users', 30, 45),
(17, 16, NULL, NULL, 'index', 31, 32),
(18, 16, NULL, NULL, 'view', 33, 34),
(19, 16, NULL, NULL, 'add', 35, 36),
(20, 16, NULL, NULL, 'edit', 37, 38),
(21, 16, NULL, NULL, 'delete', 39, 40),
(22, 16, NULL, NULL, 'login', 41, 42),
(23, 16, NULL, NULL, 'logout', 43, 44),
(24, 1, NULL, NULL, 'Widgets', 46, 57),
(25, 24, NULL, NULL, 'index', 47, 48),
(26, 24, NULL, NULL, 'view', 49, 50),
(27, 24, NULL, NULL, 'add', 51, 52),
(28, 24, NULL, NULL, 'edit', 53, 54),
(29, 24, NULL, NULL, 'delete', 55, 56),
(30, 1, NULL, NULL, 'AclExtras', 58, 59);

-- --------------------------------------------------------

--
-- Table structure for table `aros`
--

DROP TABLE IF EXISTS `aros`;
CREATE TABLE IF NOT EXISTS `aros` (
  `id` int(10) NOT NULL AUTO_INCREMENT,
  `parent_id` int(10) DEFAULT NULL,
  `model` varchar(255) DEFAULT NULL,
  `foreign_key` int(10) DEFAULT NULL,
  `alias` varchar(255) DEFAULT NULL,
  `lft` int(10) DEFAULT NULL,
  `rght` int(10) DEFAULT NULL,
  PRIMARY KEY (`id`),
  KEY `idx_aros_lft_rght` (`lft`,`rght`),
  KEY `idx_aros_alias` (`alias`)
) ENGINE=MyISAM AUTO_INCREMENT=4 DEFAULT CHARSET=utf8;

--
-- Dumping data for table `aros`
--

INSERT INTO `aros` (`id`, `parent_id`, `model`, `foreign_key`, `alias`, `lft`, `rght`) VALUES
(1, NULL, 'Group', 1, NULL, 1, 2),
(2, NULL, 'Group', 2, NULL, 3, 4),
(3, NULL, 'Group', 3, NULL, 5, 6);

-- --------------------------------------------------------

--
-- Table structure for table `aros_acos`
--

DROP TABLE IF EXISTS `aros_acos`;
CREATE TABLE IF NOT EXISTS `aros_acos` (
  `id` int(10) NOT NULL AUTO_INCREMENT,
  `aro_id` int(10) NOT NULL,
  `aco_id` int(10) NOT NULL,
  `_create` varchar(2) NOT NULL DEFAULT '0',
  `_read` varchar(2) NOT NULL DEFAULT '0',
  `_update` varchar(2) NOT NULL DEFAULT '0',
  `_delete` varchar(2) NOT NULL DEFAULT '0',
  PRIMARY KEY (`id`),
  UNIQUE KEY `ARO_ACO_KEY` (`aro_id`,`aco_id`),
  KEY `idx_aco_id` (`aco_id`)
) ENGINE=MyISAM AUTO_INCREMENT=11 DEFAULT CHARSET=utf8;

--
-- Dumping data for table `aros_acos`
--

INSERT INTO `aros_acos` (`id`, `aro_id`, `aco_id`, `_create`, `_read`, `_update`, `_delete`) VALUES
(1, 1, 1, '1', '1', '1', '1'),
(2, 2, 1, '-1', '-1', '-1', '-1'),
(3, 2, 10, '1', '1', '1', '1'),
(4, 2, 24, '1', '1', '1', '1'),
(5, 3, 1, '-1', '-1', '-1', '-1'),
(6, 3, 13, '1', '1', '1', '1'),
(7, 3, 14, '1', '1', '1', '1'),
(8, 3, 27, '1', '1', '1', '1'),
(9, 3, 28, '1', '1', '1', '1'),
(10, 3, 23, '1', '1', '1', '1');

-- --------------------------------------------------------

--
-- Table structure for table `groups`
--

DROP TABLE IF EXISTS `groups`;
CREATE TABLE IF NOT EXISTS `groups` (
  `id` int(11) NOT NULL AUTO_INCREMENT,
  `name` varchar(100) NOT NULL,
  `created` datetime DEFAULT NULL,
  `modified` datetime DEFAULT NULL,
  PRIMARY KEY (`id`)
) ENGINE=MyISAM AUTO_INCREMENT=7 DEFAULT CHARSET=utf8;

--
-- Dumping data for table `groups`
--

INSERT INTO `groups` (`id`, `name`, `created`, `modified`) VALUES
(2, 'managers', '2021-02-15 12:16:38', '2021-02-15 12:16:38'),
(1, 'administrators', '2021-02-15 12:16:33', '2021-02-15 12:16:33'),
(3, 'users', '2021-02-15 12:17:01', '2021-02-15 12:17:01');

-- --------------------------------------------------------

--
-- Table structure for table `posts`
--

DROP TABLE IF EXISTS `posts`;
CREATE TABLE IF NOT EXISTS `posts` (
  `id` int(11) NOT NULL AUTO_INCREMENT,
  `user_id` int(11) NOT NULL,
  `title` varchar(255) NOT NULL,
  `body` text,
  `created` datetime DEFAULT NULL,
  `modified` datetime DEFAULT NULL,
  PRIMARY KEY (`id`)
) ENGINE=MyISAM AUTO_INCREMENT=3 DEFAULT CHARSET=utf8;

--
-- Dumping data for table `posts`
--

INSERT INTO `posts` (`id`, `user_id`, `title`, `body`, `created`, `modified`) VALUES
(2, 1, 'dda', 'da', '2021-02-15 13:25:51', '2021-02-15 13:25:51');

-- --------------------------------------------------------

--
-- Table structure for table `users`
--

DROP TABLE IF EXISTS `users`;
CREATE TABLE IF NOT EXISTS `users` (
  `id` int(11) NOT NULL AUTO_INCREMENT,
  `username` varchar(255) NOT NULL,
  `password` char(40) NOT NULL,
  `group_id` int(11) NOT NULL,
  `created` datetime DEFAULT NULL,
  `modified` datetime DEFAULT NULL,
  PRIMARY KEY (`id`),
  UNIQUE KEY `username` (`username`)
) ENGINE=MyISAM AUTO_INCREMENT=10 DEFAULT CHARSET=utf8;

--
-- Dumping data for table `users`
--

INSERT INTO `users` (`id`, `username`, `password`, `group_id`, `created`, `modified`) VALUES
(2, 'lukam1', 'd73cc64254570585c26a7a6451d5c5388d9fb029', 2, '2021-02-15 13:22:50', '2021-02-15 13:22:50'),
(1, 'lukaa1', 'c2e1326e0f9b7970db3059b31caa3a9b5e10da98', 1, '2021-02-15 13:21:51', '2021-02-15 13:21:51'),
(3, 'lukau1', '9aabab9bc7625be618e47a84667ad436fc5106d0', 3, '2021-02-15 13:23:05', '2021-02-15 13:23:05');

-- --------------------------------------------------------

--
-- Table structure for table `widgets`
--

DROP TABLE IF EXISTS `widgets`;
CREATE TABLE IF NOT EXISTS `widgets` (
  `id` int(11) NOT NULL AUTO_INCREMENT,
  `name` varchar(100) NOT NULL,
  `part_no` varchar(12) DEFAULT NULL,
  `quantity` int(11) DEFAULT NULL,
  PRIMARY KEY (`id`)
) ENGINE=MyISAM DEFAULT CHARSET=utf8;
COMMIT;

/*!40101 SET CHARACTER_SET_CLIENT=@OLD_CHARACTER_SET_CLIENT */;
/*!40101 SET CHARACTER_SET_RESULTS=@OLD_CHARACTER_SET_RESULTS */;
/*!40101 SET COLLATION_CONNECTION=@OLD_COLLATION_CONNECTION */;
